{
    "rmse_log": 1.2360424876989078,
    "mae_log": 0.9681074306816634,
    "r2": -0.101813515327283,
    "rmse_currency": 3744.673439618565,
    "spearman_rank": 0.5377401285422616
}